[{
  "url" : "/img/a/01.png",
  "title" : "电子设计大赛",
  "introduce" : "全国大学生电子设计竞赛（National Undergraduate Electronics Design Contest）是教育部和工业和信息化部共同发起的大学生学科竞赛之一，是面向大学生的群众性科技活动，目的在于推动高等学校促进信息与电子类学科课程体系和课程内容的改革。竞赛的特点是与高等学校相关专业的课程体系和课程内容改革密切结合，以推动其课程教学、教学改革和实验室建设工作。",
  "res": "a1"
},
  {
    "url" : "/img/a/02.png",
    "title" : "蓝桥杯",
    "introduce" : "为推动软件开发技术的发展，促进软件专业技术人才培养，向软件行业输送具有创新能力和实践能力的高端人才，提升高校毕业生的就业竞争力，全面推动行业发展及人才培养进程，工业和信息化部人才交流中心特举办“全国软件专业人才设计与创业大赛”。并且形成了立足行业，结合实际，实战演练，促进就业的特色。",
    "res": "a2"
  }]