{
  "url" :"/img/about-me.jpg",
  "introduce": "武汉理工电子科技协会成立于2007年,致力于打造提供竞赛经验、竞赛资料的优质学生社团。由信息学院提供指导。据统计协会目前在包括电子设计大赛等6个比赛中取得优异成绩。为广大协会会员提供支持！",
  "num_total": [
    {
      "name": "电子设计大赛",
      "num": "43"
    },
    {
      "name": "蓝桥杯",
      "num": "12"
    },
    {
      "name": "互联网+",
      "num": "17"
    },
    {
      "name": "国家大学生创新创业大赛",
      "num": "20"
    },
    {
      "name": "挑战杯",
      "num": "11"
    },
    {
      "name": "节能减排",
      "num": "10"
    }
  ],
  "vip_total1": "154",
  "vip_total2": "6",
  "vip_total3": "80",
  "vip_total4": "116",
  "timeline": [{
    "time1": "6月5号",
    "time2": "2007",
    "title": "电子科技协会正式成立",
    "introduce": "成为武汉理工大学校级社团。向协会成员传授单片机等电子设计相关知识，专攻电子设计大赛！"
  },
    {
      "time1": "4月2号",
      "time2": "2019",
      "title": "创客基地成立",
      "introduce": "明确协会目标，加强协会建设。"
    }
  ]
}

